<?xml version="1.0" encoding="UTF-8"?>
<ti:module xmlns:ti="http://ti.appcelerator.org" xmlns:android="http://schemas.android.com/apk/res/android">
	<android xmlns:android="http://schemas.android.com/apk/res/android">
		<manifest>
			<uses-sdk android:minSdkVersion="8" />
						
			<application>
				<!-- begin TiGcmBinds -->
				<receiver android:name="net.iamyellow.gcmjs.GCMBroadcastReceiver" android:permission="com.google.android.c2dm.permission.SEND">
					<intent-filter>
						<action android:name="com.google.android.c2dm.intent.RECEIVE" />
						<action android:name="com.google.android.c2dm.intent.REGISTRATION" />
						<category android:name="${tiapp.properties['id']}" />
					</intent-filter>
				</receiver>
				<service android:name="net.iamyellow.gcmjs.GCMIntentService" />
				<service android:name="net.iamyellow.gcmjs.GcmService"/>
				<!--  end TiGcmBinds -->
			</application>

			<!-- begin TiGcmBinds -->
			<permission android:name="${tiapp.properties['id']}.permission.C2D_MESSAGE" android:protectionLevel="signature" />
			<uses-permission android:name="${tiapp.properties['id']}.permission.C2D_MESSAGE" />
			<uses-permission android:name="com.google.android.c2dm.permission.RECEIVE" />			
			<uses-permission android:name="android.permission.INTERNET" /> 
			<uses-permission android:name="android.permission.GET_ACCOUNTS" />
			<uses-permission android:name="android.permission.WAKE_LOCK" />
			<!--  end TiGcmBinds -->			
		</manifest>		
	</android>
</ti:module>
